Symbol,Name,Last,Change,%Chg,High,Low,Volume,Time
A,Agilent Technologies,137.2,-1.16,-0.84%,140,136.51,1298300,2024-09-06
AAL,American Airlines Gp,10.8,0,0.00%,11.1,10.7,27842801,2024-09-06
AAPL,Apple Inc,220.82,-1.56,-0.70%,225.24,219.77,48423000,2024-09-06
ABBV,Abbvie Inc,193.4,0.54,0.28%,194.74,192.83,4312600,2024-09-06
ABNB,Airbnb Inc Cl A,114.28,-1.88,-1.62%,117.26,113.24,4072300,2024-09-06
ABT,Abbott Laboratories,113.86,0.76,0.67%,114.34,113.01,3802300,2024-09-06
ACGL,Arch Capital Grp Ltd,110.45,-1.74,-1.55%,112.86,110.27,1211500,2024-09-06
ACN,Accenture Plc,339.84,-1.09,-0.32%,342.4432,336.76,1613500,2024-09-06
ADBE,Adobe Systems Inc,563.41,-4.52,-0.80%,573.31,558,2096700,2024-09-06
ADI,Analog Devices,213.64,-5.42,-2.47%,219.4,212.7,3437000,2024-09-06
ADM,Archer Daniels Midland,59.47,-0.6,-1.00%,60.55,59.185,2641500,2024-09-06
ADP,Automatic Data Procs,269.56,-0.61,-0.23%,271.49,267.79,2814500,2024-09-06
ADSK,Autodesk Inc,250.37,-1.4,-0.56%,255,249.61,1487900,2024-09-06
AEE,Ameren Corp,83.16,-0.58,-0.69%,84.03,83.1,1076000,2024-09-06
AEP,American Electric Power Company,102.05,-1.05,-1.02%,103.55,101.97,3659200,2024-09-06
AES,The Aes Corp,16.19,-0.75,-4.43%,17.035,16.18,8732000,2024-09-06
AFL,Aflac Inc,108.89,-0.8,-0.73%,110.8,108.52,2976000,2024-09-06
AIG,American International Group,71.91,-1.93,-2.61%,74.74,71.27,7205300,2024-09-06
AIZ,Assurant Inc,192.58,-2.28,-1.17%,196.375,192.07,365500,2024-09-06
AJG,Arthur J. Gallagher & Company,294.19,-0.76,-0.26%,296.75,293.59,671500,2024-09-06
AKAM,Akamai Technologies,96.54,-2.58,-2.60%,99.68,96.48,1223300,2024-09-06
ALB,Albemarle Corp,76.9,-5.7,-6.90%,81.4555,75.36,3495800,2024-09-06
ALGN,Align Technology,221.15,-5.37,-2.37%,228.51,218.25,635700,2024-09-06
ALL,Allstate Corp,185.36,-0.4,-0.22%,188.44,184.35,1687500,2024-09-06
ALLE,Allegion Plc,134.5,-1.19,-0.88%,137.425,133.98,478600,2024-09-06
AMAT,Applied Materials,174.75,-5.49,-3.05%,180.71,173.39,8887900,2024-09-06
AMCR,Amcor Plc,11.08,-0.015,-0.14%,11.16,11.035,7703300,2024-09-06
AMD,Adv Micro Devices,134.35,-5.09,-3.65%,139.13,132.11,39993500,2024-09-06
AME,Ametek Inc,163.64,-1.51,-0.91%,166.99,163.22,835900,2024-09-06
AMGN,Amgen Inc,320.56,-3.8,-1.17%,326.97,319,2242400,2024-09-06
AMP,Ameriprise Financial Services,430.17,-9.38,-2.13%,442.155,426.9,561800,2024-09-06
AMT,American Tower Corp,236.16,2.52,1.08%,236.44,232.53,2749900,2024-09-06
AMZN,Amazon.com Inc,171.39,-6.5,-3.65%,178.38,171.16,41466500,2024-09-06
ANET,Arista Networks Inc,314.31,-14.13,-4.30%,328.1099,313.02,2188300,2024-09-06
ANSS,Ansys Inc,305.04,-4.71,-1.52%,310.93,304.07,464900,2024-09-06
AON,AON Plc,348.03,-0.77,-0.22%,350.28,346.5,954700,2024-09-06
AOS,Smith A.O. Corp,76.91,-0.95,-1.22%,78.63,76.78,864800,2024-09-06
APA,Apa Corp,25.24,-0.73,-2.81%,26.36,25.09,5689700,2024-09-06
APD,Air Products and Chemicals,268.71,-4.84,-1.77%,275.01,267.35,1066100,2024-09-06
APH,Amphenol Corp,59.85,-2.01,-3.25%,62.28,59.71,5743200,2024-09-06
APTV,Aptiv Plc,68.49,-2.48,-3.49%,71.8,68.42,2740600,2024-09-06
ARE,Alexandria Real Estate Equities,116.29,-1.09,-0.93%,117.835,115.47,770500,2024-09-06
ATO,Atmos Energy Corp,130.8,-0.62,-0.47%,132.315,130.66,879100,2024-09-06
AVB,Avalonbay Communities,223.6,-2.92,-1.29%,223.82,220.5,1865900,2024-09-06
AVGO,Broadcom Ltd,136.99,-15.83,-10.36%,143.5,136.6,76634602,2024-09-06
AVY,Avery Dennison Corp,216.91,-1.82,-0.83%,220.2,215.9,379800,2024-09-06
AWK,American Water Works,143.94,-0.57,-0.39%,145.56,143.56,871800,2024-09-06
AXON,Axon Enterprise Inc,354.62,-0.24,-0.07%,357.5,346.71,509100,2024-09-06
AXP,American Express Company,244.06,-7.78,-3.09%,253.565,243.32,3652900,2024-09-06
AZO,Autozone,3092.5601,-48.6098,-1.55%,3159.6899,3084.5801,107600,2024-09-06
BA,Boeing Company,157.62,-4.53,-2.79%,162.85,156.695,7328600,2024-09-06
BAC,Bank of America Corp,38.76,-1.12,-2.81%,39.875,38.56,47007500,2024-09-06
BALL,Ball Corporation,64.3,-0.25,-0.39%,65,64.1,1535800,2024-09-06
BAX,Baxter International Inc,38.96,0.14,0.36%,39.48,38.41,6154900,2024-09-06
BBWI,Bath & Body Works Inc,28.59,-0.82,-2.79%,29.58,28.48,5835900,2024-09-06
BBY,Best Buy Company,98.5,-0.91,-0.92%,100.4258,98.02,2463200,2024-09-06
BDX,Becton Dickinson and Company,232.67,-0.58,-0.25%,235.74,231,1487100,2024-09-06
BEN,Franklin Resources,19.13,-0.36,-1.85%,19.54,19.05,4615900,2024-09-06
BF.B,Brown Forman Inc Cl B,45.14,-0.08,-0.18%,45.58,44.905,1955900,2024-09-06
BG,Bunge Ltd,98.44,-0.3,-0.30%,99.975,98.08,735200,2024-09-06
BIIB,Biogen Inc,200.81,-0.99,-0.49%,203.24,198.55,834800,2024-09-06
BIO,Bio-Rad Laboratories,329.75,-3.53,-1.06%,337.5,327.4826,133000,2024-09-06
BK,Bank of New York Mellon Corp,66.41,-1.59,-2.34%,68.6,66.22,4114800,2024-09-06
BKNG,Booking Holdings Inc,3731.35,-50.53,-1.34%,3794.34,3700.97,283100,2024-09-06
BKR,Baker Hughes Company,33.94,-0.17,-0.50%,34.59,33.58,8507700,2024-09-06
BLDR,Builders Firstsource,168.51,0.96,0.57%,174.35,167.18,1856700,2024-09-06
BLK,Blackrock Inc,866.92,-9.72,-1.11%,884.76,861.11,748900,2024-09-06
BMY,Bristol-Myers Squibb Company,48.7,-1.1,-2.21%,50.03,48.53,11146300,2024-09-06
BR,Broadridge Financial Solutions Llc,207.59,-3.26,-1.55%,210.99,206.95,632300,2024-09-06
BRK.B,Berkshire Hathaway Cl B,459.42,-5.5,-1.18%,468.17,458.55,4400200,2024-09-06
BRO,Brown & Brown,103.94,-0.69,-0.66%,105.21,103.75,1035700,2024-09-06
BSX,Boston Scientific Corp,81.6,0.23,0.28%,81.975,80.79,4618900,2024-09-06
BWA,Borgwarner Inc,32.29,-0.56,-1.70%,33.13,32.27,2114500,2024-09-06
BX,Blackstone Inc,137.12,-1.15,-0.83%,140.1,135.6316,2577800,2024-09-06
BXP,Bxp Inc,74.56,-0.1,-0.13%,75.18,73.87,1042800,2024-09-06
C,Citigroup Inc,59.09,-1.54,-2.54%,61.0797,58.8,14093900,2024-09-06
CAG,Conagra Brands Inc,32.74,0.21,0.65%,32.855,32.5,4177700,2024-09-06
CAH,Cardinal Health,111.77,0,0.00%,112.87,111.2,3016100,2024-09-06
CARR,Carrier Global Corp,69.48,0.44,0.64%,71.24,68.97,4182600,2024-09-06
CAT,Caterpillar Inc,329.36,-4.2,-1.26%,338.62,328.12,2676600,2024-09-06
CB,Chubb Ltd,287.5,0.17,0.06%,288.8969,285.59,1722800,2024-09-06
CBOE,CBOE Global Markets Inc,211.15,0.53,0.25%,212.235,209.63,752800,2024-09-06
CBRE,CBRE Group Inc,113.55,-0.6,-0.53%,115.24,112.38,1659600,2024-09-06
CCI,Crown Castle Inc,116.12,2.25,1.98%,116.445,113.74,3016300,2024-09-06
CCL,Carnival Corp,15.67,-0.48,-2.97%,16.46,15.5,24505600,2024-09-06
CDNS,Cadence Design Sys,247.52,-3.33,-1.33%,254.45,245.45,1740100,2024-09-06
CDW,CDW Corp,212.21,-2.61,-1.21%,216.45,211.71,709000,2024-09-06
CE,Celanese Corp,120.04,-1.4,-1.15%,122.29,119.63,1048100,2024-09-06
CEG,Constellation Energy Corp,173.11,-2.96,-1.68%,176.64,171.94,3390200,2024-09-06
CF,Cf Industries Holdings,78.56,0.02,0.03%,79.69,78.01,1444200,2024-09-06
CFG,Citizens Financial Group Inc/Ri,40.69,-0.91,-2.19%,42.09,40.56,4990500,2024-09-06
CHD,Church & Dwight Company,105.18,-0.31,-0.29%,106.22,104.86,1350200,2024-09-06
CHRW,C.H. Robinson Ww,100.8,-1.38,-1.35%,102.52,99.92,1148300,2024-09-06
CHTR,Charter Communications Inc,327.43,-3.35,-1.01%,337.95,324.35,1208400,2024-09-06
CI,The Cigna Group,353.49,-1.63,-0.46%,359.46,352.99,2363500,2024-09-06
CINF,Cincinnati Financial,135.39,-0.95,-0.70%,137.32,134.97,468400,2024-09-06
CL,Colgate-Palmolive Company,107.86,-0.67,-0.62%,109.04,107.78,3937300,2024-09-06
CLX,Clorox Company,164.75,-0.07,-0.04%,166.49,164.575,1567600,2024-09-06
CMCSA,Comcast Corp A,39.61,-0.19,-0.48%,40.35,39.49,18549199,2024-09-06
CME,CME Group Inc,220.5,1.12,0.51%,220.8,218.46,2899300,2024-09-06
CMG,Chipotle Mexican Grill,53.68,0.65,1.23%,54.52,53.08,13248600,2024-09-06
CMI,Cummins Inc,293.21,-3.44,-1.16%,300.09,291.88,608800,2024-09-06
CMS,Cms Energy Corp,68.01,-0.3,-0.44%,68.78,67.96,1748100,2024-09-06
CNC,Centene Corp,70.83,-1.83,-2.52%,73.33,70.74,6046700,2024-09-06
CNP,Centerpoint Energy Inc,27.28,-0.48,-1.73%,27.885,27.22,4942600,2024-09-06
COF,Capital One Financial Corp,139,-3.09,-2.17%,145.08,138.14,2381600,2024-09-06
COO,Cooper Companies,106.59,0.09,0.08%,107.82,105.97,1235600,2024-09-06
COP,Conocophillips,106.02,-1.43,-1.33%,108.62,105.72,5229900,2024-09-06
COR,Cencora Inc,234.97,-1.27,-0.54%,237.46,233.26,1831500,2024-09-06
COST,Costco Wholesale,876.68,-9.3,-1.05%,893.2,871,2074600,2024-09-06
CPAY,Corpay Inc,302.97,-1.82,-0.60%,307.975,300.99,283200,2024-09-06
CPB,Campbell Soup Company,51.89,0.55,1.07%,52.17,51.2,2627700,2024-09-06
CPRT,Copart Inc,49.46,-0.05,-0.10%,50.08,48.94,7844300,2024-09-06
CPT,Camden Property Trust,122.17,-1.96,-1.58%,124.425,120.74,2652900,2024-09-06
CRL,Charles River Laboratories Intl,187.96,-3.23,-1.69%,191.66,186.56,526400,2024-09-06
CRM,Salesforce Inc,243.97,-2.15,-0.87%,250,241.4401,6259400,2024-09-06
CRWD,Crowdstrike Holdings Inc,246.39,-10.04,-3.92%,257.4,244.49,4320000,2024-09-06
CSCO,Cisco Systems Inc,48.5,-0.63,-1.28%,49.23,48.2,21040398,2024-09-06
CSGP,Costar Group Inc,77.45,0.09,0.12%,79.17,77.11,1880800,2024-09-06
CSX,CSX Corp,33.37,-0.65,-1.91%,34.07,33.33,10912300,2024-09-06
CTAS,Cintas Corp,781.9,-17.02,-2.13%,800.33,778.89,375700,2024-09-06
CTLT,Catalent Inc,60.01,-0.39,-0.65%,60.5,59.95,2053700,2024-09-06
CTRA,Coterra Energy Inc,22.92,-0.57,-2.43%,23.55,22.7901,6738300,2024-09-06
CTSH,Cognizant Tech Sol,75.84,-0.92,-1.20%,77.51,75.73,2510400,2024-09-06
CTVA,Corteva Inc,55.33,0.22,0.40%,55.66,54.88,5004100,2024-09-06
CVS,CVS Corp,57.75,-0.32,-0.55%,59.12,57.65,6263000,2024-09-06
CVX,Chevron Corp,138.56,-2.37,-1.68%,142.11,137.87,7836300,2024-09-06
CZR,Caesars Entertainment Inc,36.87,-0.22,-0.59%,37.72,36.44,3724100,2024-09-06
D,Dominion Energy Inc,57.11,-0.23,-0.40%,57.86,57.02,2582500,2024-09-06
DAL,Delta Air Lines Inc,42.03,-0.14,-0.33%,43.04,41.4835,8498100,2024-09-06
DAY,Dayforce Inc,54.47,0.28,0.52%,54.72,53.2,1084700,2024-09-06
DD,Dupont Denemours Inc,79.14,-2.24,-2.75%,81.69,78.59,3029200,2024-09-06
DE,Deere & Company,381.56,-2.13,-0.56%,389,381.315,1670300,2024-09-06
DECK,Deckers Outdoor Corp,859.96,-19.42,-2.21%,885,856.17,389000,2024-09-06
DFS,Discover Financial Services,128.68,-3.7,-2.79%,135.05,128.36,1008200,2024-09-06
DG,Dollar General Corp,82.58,2.17,2.70%,83.4625,80.5,6320800,2024-09-06
DGX,Quest Diagnostics Inc,152.93,-1.3,-0.84%,155.03,152.02,827400,2024-09-06
DHI,D.R. Horton,186.14,2.42,1.32%,189.18,184.38,2657300,2024-09-06
DHR,Danaher Corp,266.2,1.49,0.56%,270.11,265.07,3324700,2024-09-06
DIS,Walt Disney Company,87.94,-0.71,-0.80%,89.09,87.72,7791500,2024-09-06
DLR,Digital Realty Trust,148.22,-1.69,-1.13%,150,147.21,1741600,2024-09-06
DLTR,Dollar Tree Inc,66.5,-1.97,-2.88%,69.13,65.72,7538300,2024-09-06
DOC,Healthpeak Properties Inc,21.99,-0.1,-0.45%,22.14,21.73,4573900,2024-09-06
DOV,Dover Corp,175.38,0.33,0.19%,177.28,174.21,1175600,2024-09-06
DOW,Dow Inc,50.68,-0.63,-1.23%,51.71,50.37,4144300,2024-09-06
DPZ,Domino's Pizza Inc,408.49,-1.77,-0.43%,415.83,404.61,618300,2024-09-06
DRI,Darden Restaurants,157.43,-0.51,-0.32%,160.64,156.9514,1150600,2024-09-06
DTE,Dte Energy Company,123.19,-0.47,-0.38%,124.965,122.95,1709100,2024-09-06
DUK,Duke Energy Corp,116.6,-0.25,-0.21%,117.33,116.225,3482500,2024-09-06
DVA,Davita Healthcare Partners Inc,149.98,1.24,0.83%,151.44,148.305,752600,2024-09-06
DVN,Devon Energy Corp,41.34,-0.74,-1.76%,42.38,41.08,6226300,2024-09-06
DXCM,Dexcom Inc,68.61,-0.44,-0.64%,69.27,66.95,3698900,2024-09-06
EA,Electronic Arts Inc,144.01,-1.9,-1.30%,147.35,143.35,1785700,2024-09-06
EBAY,Ebay Inc,59.2,0.08,0.14%,59.57,58.64,5032100,2024-09-06
ECL,Ecolab Inc,245.05,-1.65,-0.67%,247.24,244.28,723000,2024-09-06
ED,Consolidated Edison Company,103.28,-0.51,-0.49%,104.38,103.21,1760600,2024-09-06
EFX,Equifax Inc,292.08,-4.51,-1.52%,299.08,291.47,1344500,2024-09-06
EG,Everest Re Group,383.39,-6.11,-1.57%,390.7214,382.92,283200,2024-09-06
EIX,Edison International,86.65,-0.99,-1.13%,88.11,86.625,1564500,2024-09-06
EL,Estee Lauder Companies,87.5,-2.57,-2.85%,90.4347,87.48,3868800,2024-09-06
ELV,Elevance Health Inc,541.91,-2.49,-0.46%,550.9599,541.72,1059200,2024-09-06
EMN,Eastman Chemical Company,97.17,-0.84,-0.86%,98.87,96.54,1593400,2024-09-06
EMR,Emerson Electric Company,98.19,-1.78,-1.78%,100.77,97.35,2780800,2024-09-06
ENPH,Enphase Energy Inc,108.65,-3.43,-3.06%,113.65,107.95,1628300,2024-09-06
EOG,Eog Resources,120.35,-1.2,-0.99%,122.46,119.925,3144100,2024-09-06
EPAM,Epam Systems Inc,204.82,0.82,0.40%,207.5,201.96,507100,2024-09-06
EQIX,Equinix Inc,817.96,-3.78,-0.46%,825.01,809.54,457700,2024-09-06
EQR,Equity Residential,74.34,-1.06,-1.41%,75.22,73.76,2268800,2024-09-06
EQT,Eqt Corp,32.36,-0.46,-1.40%,33.2,32.15,7131800,2024-09-06
ES,Eversource Energy,67.4,-0.65,-0.96%,68.41,67.33,1104500,2024-09-06
ESS,Essex Property Trust,298.21,-3.8,-1.26%,301.12,294.8,463100,2024-09-06
ETN,Eaton Corp,284.97,-0.75,-0.26%,292.2,281.34,2163800,2024-09-06
ETR,Entergy Corp,121.9,-0.41,-0.34%,122.98,121.77,1523700,2024-09-06
ETSY,Etsy Inc,53.19,-2.38,-4.28%,56.14,53.12,3489800,2024-09-06
EVRG,Evergy Inc,59.76,-0.66,-1.09%,60.64,59.69,1016700,2024-09-06
EW,Edwards Lifesciences Corp,66.81,0.79,1.20%,67.04,65.47,8174800,2024-09-06
EXC,Exelon Corp,38.2,-0.22,-0.57%,38.66,38.17,4624700,2024-09-06
EXPD,Expeditors Intl,121,-1.53,-1.25%,123.61,120.61,630800,2024-09-06
EXPE,Expedia Group Inc,132.26,-2.93,-2.17%,136.88,131.72,1234000,2024-09-06
EXR,Extra Space Storage Inc,173.58,0.02,0.01%,174.075,171.22,993100,2024-09-06
F,Ford Motor Company,10.58,-0.19,-1.76%,10.87,10.53,47508800,2024-09-06
FANG,Diamondback Energy,179.73,-4.28,-2.33%,185.38,178.81,1505600,2024-09-06
FAST,Fastenal Company,65.89,0.71,1.09%,66.47,65.05,3199500,2024-09-06
FCX,Freeport-Mcmoran Inc,40,-1.4,-3.38%,41.4,39.73,13200100,2024-09-06
FDS,Factset Research Systems Inc,424.03,-2.98,-0.70%,430.53,421.57,226200,2024-09-06
FDX,Fedex Corp,283.04,-2.27,-0.80%,288.005,282.65,1117400,2024-09-06
FE,Firstenergy Corp,44.19,-0.28,-0.63%,44.61,44.125,2108400,2024-09-06
FFIV,F5 Inc,198.93,-1.87,-0.93%,203.4,198.65,742200,2024-09-06
FI,Fiserv Inc,170.02,-2.49,-1.44%,173.51,169.86,2443900,2024-09-06
FICO,Fair Isaac and Company,1734.01,-23.13,-1.32%,1779,1732.12,156200,2024-09-06
FIS,Fidelity National Information Services,81.36,-1.11,-1.35%,83.105,81.08,2725100,2024-09-06
FITB,Fifth Third Bancorp,40.69,-1.01,-2.42%,42.08,40.6,3184700,2024-09-06
FMC,FMC Corp,60.28,-2.38,-3.80%,62.89,60.18,1082200,2024-09-06
FOX,Fox Corp Cl B,37.36,-0.01,-0.03%,37.66,37.14,958600,2024-09-06
FOXA,Fox Corp Cl A,40.31,-0.11,-0.27%,40.7,40.13,2558000,2024-09-06
FRT,Federal Realty Investment Trust,115.45,-0.49,-0.42%,117.06,115.05,654000,2024-09-06
FSLR,First Solar Inc,208.65,-6.11,-2.85%,217.48,207.43,1318800,2024-09-06
FTNT,Fortinet Inc,75.15,-0.65,-0.85%,76.42,74.6,5364300,2024-09-06
FTV,Fortive Corp,70.67,-2.13,-2.93%,72.9,70.48,4424400,2024-09-06
GD,General Dynamics Corp,292.78,-4.51,-1.52%,298.41,292.24,1362300,2024-09-06
GDDY,Godaddy Inc,150,-3,-1.96%,154.79,149.755,2002600,2024-09-06
GE,GE Aerospace,161.23,-2.62,-1.60%,166.035,160.59,3954800,2024-09-06
GEHC,GE Healthcare Technologies Inc,85.09,-2.2,-2.52%,87.75,85.01,2696500,2024-09-06
GEN,Gen Digital Inc,25.38,-0.56,-2.16%,26.17,25.33,2864900,2024-09-06
GEV,GE Vernova Inc,198.33,-0.11,-0.06%,201.18,193.38,3884600,2024-09-06
GILD,Gilead Sciences Inc,78.72,-0.05,-0.06%,79.21,78.26,9220899,2024-09-06
GIS,General Mills,75.06,0.55,0.74%,75.54,74.425,4057900,2024-09-06
GL,Globe Life Inc,102.54,-2.04,-1.95%,105.27,102.04,1173900,2024-09-06
GLW,Corning Inc,40.64,-0.73,-1.76%,42.15,40.335,4653300,2024-09-06
GM,General Motors Company,47.14,-0.89,-1.85%,48.65,47.01,16080900,2024-09-06
GNRC,Generac Holdings Inc,139.61,-5.65,-3.89%,146.38,138.89,652700,2024-09-06
GOOG,Alphabet Cl C,152.13,-6.47,-4.08%,159.22,151.93,24999000,2024-09-06
GOOGL,Alphabet Cl A,150.92,-6.32,-4.02%,157.83,150.55,37912102,2024-09-06
GPC,Genuine Parts Company,134.3,-2.04,-1.50%,137.79,134.05,932200,2024-09-06
GPN,Global Payments Inc,107.95,-1.01,-0.93%,110.27,107.68,2122800,2024-09-06
GRMN,Garmin Ltd,180.17,-0.61,-0.34%,182.264,179.2101,627700,2024-09-06
GS,Goldman Sachs Group,479.61,-8.27,-1.70%,495.41,477.06,1995500,2024-09-06
GWW,W.W. Grainger,947.93,9.45,1.01%,957.08,942.08,174300,2024-09-06
HAL,Halliburton Company,28.59,-0.48,-1.65%,29.39,28.43,9271200,2024-09-06
HAS,Hasbro Inc,66.5,-1.3,-1.92%,68.27,66.15,1013600,2024-09-06
HBAN,Huntington Bancshares Inc,14.31,-0.34,-2.32%,14.79,14.2,17387000,2024-09-06
HCA,Hca Holdings Inc,387.98,-9.77,-2.46%,403.05,386.78,2248800,2024-09-06
HD,Home Depot,360.05,-1.8,-0.50%,365.44,359.42,2228800,2024-09-06
HES,Hess Corp,126.3,-2.72,-2.11%,130.14,125.89,1559000,2024-09-06
HIG,Hartford Financial Services Group,114.49,-0.59,-0.51%,116.11,114.32,1281800,2024-09-06
HII,Huntington Ingalls Industries,269.21,-1.72,-0.63%,276.22,268.27,203900,2024-09-06
HLT,Hilton Inc,213.1,-2.9,-1.34%,219.48,212.89,1492800,2024-09-06
HOLX,Hologic Inc,81.57,0.58,0.72%,81.9,80.89,888000,2024-09-06
HON,Honeywell International Inc,198.13,-4.85,-2.39%,203.1,197.85,2540600,2024-09-06
HPE,Hewlett Packard Enterprise Comp,17.53,-0.11,-0.62%,17.8,17.3,16208700,2024-09-06
HPQ,HP Inc,33.82,-0.58,-1.69%,34.635,33.765,7995900,2024-09-06
HRL,Hormel Foods Corp,32.57,0.46,1.43%,32.76,32,2687900,2024-09-06
HSIC,Henry Schein Inc,68.81,-1.05,-1.50%,70.5,68.8,2174900,2024-09-06
HST,Host Marriott Financial Trust,16.73,0,0.00%,16.89,16.6,9017101,2024-09-06
HSY,Hershey Foods Corp,199.8,1.7,0.86%,201.65,197.84,1190900,2024-09-06
HUBB,Hubbell Inc B,370.93,0.51,0.14%,380.86,366.91,381300,2024-09-06
HUM,Humana Inc,357.86,-7.28,-1.99%,369.17,357.18,1080200,2024-09-06
HWM,Howmet Aerospace Inc,91.44,-2.77,-2.94%,94.15,90.715,4136900,2024-09-06
IBM,International Business Machines,200.74,-1.85,-0.91%,204.1,199.335,3304400,2024-09-06
ICE,Intercontinental Exchange,160.49,-2.11,-1.30%,163.71,159.705,2902200,2024-09-06
IDXX,Idexx Laboratories,472.35,3.17,0.68%,477.53,467.31,433000,2024-09-06
IEX,Idex Corp,195.14,-1.63,-0.83%,199.47,194.78,374600,2024-09-06
IFF,International Flavors & Fragrances,103.01,0.34,0.33%,103.69,101.92,1498900,2024-09-06
INCY,Incyte Corp,61.26,-1.7,-2.70%,63.76,61.19,1785800,2024-09-06
INTC,Intel Corp,18.89,-0.51,-2.63%,19.49,18.64,92686398,2024-09-06
INTU,Intuit Inc,615.12,-6.36,-1.02%,626.11,611.81,999700,2024-09-06
INVH,Invitation Homes Inc,35.95,-1.33,-3.57%,36.93,35.485,4828700,2024-09-06
IP,International Paper Company,47.11,-0.41,-0.86%,47.82,46.75,3593600,2024-09-06
IPG,Interpublic Group of Companies,31.09,-0.37,-1.18%,31.82,30.97,3114200,2024-09-06
IQV,Iqvia Holdings Inc,243.07,-5.07,-2.04%,249.435,241.95,919800,2024-09-06
IR,Ingersoll Rand Inc,86.84,-0.77,-0.88%,88.8,86.38,2539600,2024-09-06
IRM,Iron Mountain Inc,109.48,0.4,0.37%,109.65,107.59,1471000,2024-09-06
ISRG,Intuitive Surg Inc,471.82,-4.87,-1.02%,478.25,466,1700100,2024-09-06
IT,Gartner Inc,483.68,0.22,0.05%,491.35,479.49,356600,2024-09-06
ITW,Illinois Tool Works Inc,243.6,0.54,0.22%,245.83,242.34,754200,2024-09-06
IVZ,Invesco Plc,15.74,-0.63,-3.85%,16.445,15.7,2866400,2024-09-06
J,Jacobs Engineering Group Inc,141.91,-2.03,-1.41%,145.41,141.745,593500,2024-09-06
JBHT,J B Hunt Transport,167.77,-1.53,-0.90%,171.32,167.63,714000,2024-09-06
JBL,Jabil Circuit,101.04,-1.55,-1.51%,103.24,100.17,1278300,2024-09-06
JCI,Johnson Controls Intl,67.84,-1.54,-2.22%,70.32,67.68,4249100,2024-09-06
JKHY,Jack Henry & Assoc,169.64,-3.57,-2.06%,173.85,169.53,422700,2024-09-06
JNJ,Johnson & Johnson,164.38,-0.61,-0.37%,165.9399,164.12,6016800,2024-09-06
JNPR,Juniper Networks,38.4,-0.21,-0.54%,38.675,38.355,4140700,2024-09-06
JPM,JP Morgan Chase & Company,212.46,-5.17,-2.38%,218.74,211.09,7776900,2024-09-06
K,Kellanova,80.09,-0.1,-0.12%,80.245,80.02,2778000,2024-09-06
KDP,Keurig Dr Pepper Inc,36.86,-0.11,-0.30%,37.3,36.83,5657700,2024-09-06
KEY,Keycorp,15.7,-0.54,-3.33%,16.36,15.69,12443200,2024-09-06
KEYS,Keysight Technologies Inc,143.11,-3.96,-2.69%,147.78,143.05,907300,2024-09-06
KHC,Kraft Heinz Company,35.84,-0.29,-0.80%,36.28,35.83,5831900,2024-09-06
KIM,Kimco Realty Corp,22.99,-0.12,-0.52%,23.205,22.8199,3643300,2024-09-06
KKR,KKR & Company LP,116.24,-2.2,-1.86%,119.32,115.24,2657600,2024-09-06
KLAC,K L A-Tencor Corp,702.8,-25.26,-3.47%,728.2,696.79,1390600,2024-09-06
KMB,Kimberly-Clark Corp,146.91,0.08,0.05%,148.14,146.77,2160500,2024-09-06
KMI,Kinder Morgan,21.13,-0.35,-1.63%,21.59,21.04,11478500,2024-09-06
KMX,Carmax Inc,79.38,-1.53,-1.89%,81.64,79.32,1047100,2024-09-06
KO,Coca-Cola Company,71.14,-0.03,-0.04%,71.67,70.89,17485700,2024-09-06
KR,Kroger Company,52.27,-1.1,-2.06%,53.46,52.24,6632100,2024-09-06
KVUE,Kenvue Inc,22.86,0.35,1.55%,23,22.5,18883300,2024-09-06
L,Loews Corp,79.39,-1.51,-1.87%,81.1,79.35,965700,2024-09-06
LDOS,Leidos Holdings Inc,152.85,-2.95,-1.89%,156.54,152.72,890400,2024-09-06
LEN,Lennar Corp,179.42,1.59,0.89%,182.67,178.15,2252300,2024-09-06
LH,Laboratory Corp of America Holdings,223.91,-3.43,-1.51%,229.7,223.81,488200,2024-09-06
LHX,L3Harris Technologies Inc,227.23,-4.13,-1.79%,232.96,226.3,640200,2024-09-06
LIN,Linde Plc,456.85,-8.67,-1.86%,467.67,456.17,2012100,2024-09-06
LKQ,LKQ Corp,39.98,-0.75,-1.84%,41.08,39.9,1645700,2024-09-06
LLY,Eli Lilly and Company,902.71,-10.04,-1.10%,927.9022,893,3439900,2024-09-06
LMT,Lockheed Martin Corp,566.63,-1.96,-0.34%,572.11,564.95,976600,2024-09-06
LNT,Alliant Energy Corp,58.58,-0.39,-0.66%,59.06,58.51,996000,2024-09-06
LOW,Lowe's Companies,243.81,-0.3,-0.12%,247.46,243.14,1889700,2024-09-06
LRCX,Lam Research Corp,733.83,-22.09,-2.92%,756.39,730.18,1552900,2024-09-06
LULU,Lululemon Athletica,253.84,0.14,0.06%,265.9,250.65,2589500,2024-09-06
LUV,Southwest Airlines Company,29.7,-0.11,-0.37%,30.38,29.43,8500100,2024-09-06
LVS,Las Vegas Sands,39.7,-0.28,-0.70%,40.15,39.55,6282700,2024-09-06
LW,Lamb Weston Holdings Inc,63.02,0.93,1.50%,63.42,61.885,1815600,2024-09-06
LYB,Lyondellbasell Industries NV,93.49,-0.74,-0.79%,94.86,92.82,2257100,2024-09-06
LYV,Live Nation Entertainment,92.78,-1.42,-1.51%,95.1,92.57,1861500,2024-09-06
MA,Mastercard Inc,476.12,-1.24,-0.26%,480.44,474.71,2116200,2024-09-06
MAA,Mid-America Apartment Communities,159.53,-1.62,-1.01%,161.25,158,1050300,2024-09-06
MAR,Marriot Int Cl A,227.6,-1.46,-0.64%,232.9,227.16,3355300,2024-09-06
MAS,Masco Corp,77.22,-0.02,-0.03%,78.96,76.73,1446700,2024-09-06
MCD,McDonald's Corp,289.51,1.54,0.53%,292.19,287.5692,3863500,2024-09-06
MCHP,Microchip Technology,74.09,-2.66,-3.47%,76.83,73.69,9621500,2024-09-06
MCK,Mckesson Corp,504.17,-10.58,-2.06%,519.21,503.34,1924300,2024-09-06
MCO,Moody's Corp,475.44,-8.41,-1.74%,486.87,473.92,689000,2024-09-06
MDLZ,Mondelez Intl Inc,75.31,0.24,0.32%,75.94,75.06,8019900,2024-09-06
MDT,Medtronic Inc,89.89,0.5,0.56%,90.535,89.3,7116600,2024-09-06
MET,Metlife Inc,74.08,-2.5,-3.26%,76.95,73.82,4991100,2024-09-06
META,Meta Platforms Inc,500.27,-16.59,-3.21%,524.58,498.25,14744500,2024-09-06
MGM,MGM Resorts International,35.01,-0.8,-2.23%,36.03,34.865,5821600,2024-09-06
MHK,Mohawk Industries,147.92,-0.81,-0.54%,152.06,147.09,490600,2024-09-06
MKC,Mccormick & Company,82.88,-0.16,-0.19%,83.58,82.65,1444900,2024-09-06
MKTX,Marketaxess Holdings,256.85,-1.17,-0.45%,263.85,254.47,594900,2024-09-06
MLM,Martin Marietta Materials,502.48,-3.59,-0.71%,514.71,501.98,457800,2024-09-06
MMC,Marsh & Mclennan Companies,227.85,-0.61,-0.27%,229.95,227.44,1657600,2024-09-06
MMM,3M Company,128.6,-2.8,-2.13%,132.1,128.02,3562200,2024-09-06
MNST,Monster Beverage Corp,48.65,0.43,0.89%,48.85,48.06,5847800,2024-09-06
MO,Altria Group,53.69,-0.58,-1.07%,54.54,53.56,8207700,2024-09-06
MOH,Molina Healthcare Inc,327.48,-3.64,-1.10%,334.47,326.21,408600,2024-09-06
MOS,Mosaic Company,25.58,-0.97,-3.65%,26.5,25.56,5409900,2024-09-06
MPC,Marathon Petroleum Corp,166,-2.46,-1.46%,170.1,164.8,2242500,2024-09-06
MPWR,Monolithic Power Sys,806.31,-35.18,-4.18%,843.29,795.95,804000,2024-09-06
MRK,Merck & Company,117.84,-0.75,-0.63%,120.3,117.65,8577200,2024-09-06
MRNA,Moderna Inc,72.89,-0.55,-0.75%,73.6,71.65,3425300,2024-09-06
MRO,Marathon Oil Corp,26.72,-0.35,-1.29%,27.36,26.645,5639000,2024-09-06
MS,Morgan Stanley,96.59,-2.97,-2.98%,100.8,96.14,9246900,2024-09-06
MSCI,MSCI Inc,559.85,-10.81,-1.89%,572.415,557.8,429700,2024-09-06
MSFT,Microsoft Corp,401.7,-6.69,-1.64%,410.65,400.8,19609500,2024-09-06
MSI,Motorola Solutions,431.5,-5.81,-1.33%,439.0665,430.45,732400,2024-09-06
MTB,M&T Bank Corp,166.51,-2.29,-1.36%,170.86,165.15,1021300,2024-09-06
MTCH,Match Group Inc,35.82,-0.69,-1.89%,37.1,35.74,4276600,2024-09-06
MTD,Mettler-Toledo International,1374.6801,-11.8299,-0.85%,1399.8051,1369.845,72500,2024-09-06
MU,Micron Technology,86.38,-3.01,-3.37%,89.65,85.26,23587000,2024-09-06
NCLH,Norwegian Cruise Ord,16.95,-0.16,-0.94%,17.775,16.71,16383700,2024-09-06
NDAQ,Nasdaq Inc,71.95,-1.45,-1.98%,73.65,71.24,3970600,2024-09-06
NDSN,Nordson Corp,244.27,-2.33,-0.94%,248.66,242.62,170800,2024-09-06
NEE,Nextera Energy,79.98,-0.35,-0.44%,81.19,79.805,8181400,2024-09-06
NEM,Newmont Mining Corp,50.34,-1.59,-3.06%,52.36,50.23,6476400,2024-09-06
NFLX,Netflix Inc,665.77,-17.85,-2.61%,683.15,662.34,2991200,2024-09-06
NI,NiSource Inc,33.2,-0.2,-0.60%,33.49,33.16,3197300,2024-09-06
NKE,Nike Inc,80.63,-0.2,-0.25%,81.88,80.35,8512100,2024-09-06
NOC,Northrop Grumman Corp,515,-4.39,-0.85%,522.89,514.73,535600,2024-09-06
NOW,Servicenow Inc,825.04,-10.36,-1.24%,848.42,818.98,1070800,2024-09-06
NRG,NRG Energy,76.51,-2.02,-2.57%,79.6,76.36,3207600,2024-09-06
NSC,Norfolk Southern Corp,250.01,-2.75,-1.09%,254.52,248.975,732900,2024-09-06
NTAP,Netapp Inc,114.18,-2.64,-2.26%,117.57,113.68,1730600,2024-09-06
NTRS,Northern Trust Corp,86.66,-3,-3.35%,90.09,86.21,1209700,2024-09-06
NUE,Nucor Corp,138.79,-0.81,-0.58%,141.61,137.91,1310600,2024-09-06
NVDA,Nvidia Corp,102.83,-4.38,-4.09%,108.15,100.95,413638000,2024-09-06
NVR,NVR Inc,9068.54,23.8203,0.26%,9261.5,9046.8799,19900,2024-09-06
NWS,News Corp Cl B,27.65,-0.4,-1.43%,28.31,27.55,1300100,2024-09-06
NWSA,News Corp Cl A,26.57,-0.36,-1.34%,27.18,26.45,2962300,2024-09-06
NXPI,Nxp Semiconductors,226.7,-10,-4.22%,236.47,225.68,3035600,2024-09-06
O,Realty Income Corp,62.4,0.07,0.11%,62.67,61.78,4567100,2024-09-06
ODFL,Old Dominion Freight Line Inc,184.82,-1.24,-0.67%,187.41,182.86,1429700,2024-09-06
OKE,Oneok Inc,91.06,-0.75,-0.82%,92.42,90.53,3207300,2024-09-06
OMC,Omnicom Group Inc,98.74,-1.17,-1.17%,101.32,98.69,1063300,2024-09-06
ON,On Semiconductor,67.92,-2.33,-3.32%,71.28,67.41,8467399,2024-09-06
ORCL,Oracle Corp,141.81,-0.8,-0.56%,143.94,139.4,11154700,2024-09-06
ORLY,O'Reilly Automotive,1119.18,-18.41,-1.62%,1143.17,1117.33,325700,2024-09-06
OTIS,Otis Worldwide Corp,91.43,-1,-1.08%,93.305,91.175,1861500,2024-09-06
OXY,Occidental Petroleum Corp,52.03,-1.71,-3.18%,54.13,51.79,17188000,2024-09-06
PANW,Palo Alto Networks Inc,335.82,-7.92,-2.30%,347.02,333.84,2367500,2024-09-06
PARA,Paramount Global Cl B,10.09,-0.29,-2.79%,10.42,10.08,8040100,2024-09-06
PAYC,Paycom Software Inc,154.91,-1.31,-0.84%,158.07,153.08,982100,2024-09-06
PAYX,Paychex Inc,129.38,-0.69,-0.53%,131.09,128.92,1359600,2024-09-06
PCAR,Paccar Inc,93.25,0.68,0.73%,94.47,91.85,3980600,2024-09-06
PCG,Pacific Gas & Electric Company,20.08,-0.52,-2.52%,20.64,20.07,22665100,2024-09-06
PEG,Public Service Enterprise Group Inc,79.94,-0.96,-1.19%,81.31,79.89,2197400,2024-09-06
PEP,Pepsico Inc,177.34,-1.96,-1.09%,178.58,177,6395200,2024-09-06
PFE,Pfizer Inc,28.56,0.05,0.18%,28.77,28.28,31214400,2024-09-06
PFG,Principal Financial Group Inc,77.53,-2.17,-2.72%,80.34,77.39,1198900,2024-09-06
PG,Procter & Gamble Company,175.59,0.12,0.07%,177.04,175.34,5785600,2024-09-06
PGR,Progressive Corp,248.69,-0.85,-0.34%,252.03,248.0519,2429400,2024-09-06
PH,Parker-Hannifin Corp,571.31,-3.89,-0.68%,584.44,570.68,755100,2024-09-06
PHM,Pultegroup,130.2,1.93,1.50%,132.6,128.93,2570600,2024-09-06
PKG,Packaging Corp of America,201.81,-2.17,-1.06%,206.53,201.1,463900,2024-09-06
PLD,Prologis Inc,127.23,-0.18,-0.14%,128.22,126.05,2484200,2024-09-06
PM,Philip Morris International Inc,125.81,0.63,0.50%,126.445,125,8412600,2024-09-06
PNC,PNC Bank,176.7,-4.25,-2.35%,182.11,175.565,1679400,2024-09-06
PNR,Pentair Ltd,85.12,-0.04,-0.05%,86.27,84.57,1068300,2024-09-06
PNW,Pinnacle West Capital Corp,87.81,-0.66,-0.75%,88.77,87.67,804600,2024-09-06
PODD,Insulet Corp,214.75,-1.36,-0.63%,217.72,211.27,559600,2024-09-06
POOL,Pool Corp,341.37,-0.6,-0.18%,346.47,339.91,356000,2024-09-06
PPG,PPG Industries,124.78,-0.5,-0.40%,126.28,124.38,1210400,2024-09-06
PPL,PPL Corp,32.07,-0.08,-0.25%,32.315,32.041,5450700,2024-09-06
PRU,Prudential Financial Inc,113.25,-4.53,-3.85%,118.49,112.6,2979200,2024-09-06
PSA,Public Storage,345.63,4.46,1.31%,346.715,339.91,860100,2024-09-06
PSX,Phillips 66,128.14,-0.75,-0.58%,130.18,127.27,4244600,2024-09-06
PTC,Ptc Inc,164.76,-3.74,-2.22%,169.79,164.44,1079900,2024-09-06
PWR,Quanta Services,247.92,-3.47,-1.38%,254.86,247.075,594400,2024-09-06
PYPL,Paypal Holdings,68.89,-3.14,-4.36%,72.05,68.55,12315801,2024-09-06
QCOM,Qualcomm Inc,158.19,-5.51,-3.37%,163.19,157.13,10703000,2024-09-06
QRVO,Qorvo Inc,104.35,-3.73,-3.45%,108.2,103.47,1745800,2024-09-06
RCL,Royal Caribbean Cruises Ltd,156.55,-1.47,-0.93%,161.39,155.2,1747200,2024-09-06
REG,Regency Centers Corp,72.62,-0.68,-0.93%,73.68,72.38,836400,2024-09-06
REGN,Regeneron Pharmaceuticals,1131.5,-19.06,-1.66%,1152.87,1128.97,616600,2024-09-06
RF,Regions Financial Corp,22.17,-0.44,-1.95%,22.83,22.07,8837300,2024-09-06
RJF,Raymond James Financial,115.2,-2.38,-2.02%,118.55,114.49,808000,2024-09-06
RL,Ralph Lauren Corp,172.85,-0.55,-0.32%,175,170.49,1012200,2024-09-06
RMD,Resmed Inc,244.87,0.09,0.04%,247.38,240.95,579000,2024-09-06
ROK,Rockwell Automation Inc,255.68,-1.24,-0.48%,261.88,253.91,609200,2024-09-06
ROL,Rollins Inc,49.59,-0.72,-1.43%,50.75,49.46,1137400,2024-09-06
ROP,Roper Industries,547.76,-7.15,-1.29%,557.89,546.77,409400,2024-09-06
ROST,Ross Stores Inc,150.53,-2.61,-1.70%,153.33,150.16,2818100,2024-09-06
RSG,Republic Services,202.82,-2.61,-1.27%,207,202.795,1033300,2024-09-06
RTX,Rtx Corp,118.44,-1.2,-1.00%,120.77,118.07,3983700,2024-09-06
RVTY,Revvity Inc,115.41,-1.71,-1.46%,118.82,114.92,643200,2024-09-06
SBAC,SBA Communications,238.51,5.14,2.20%,238.82,233.54,1312800,2024-09-06
SBUX,Starbucks Corp,91.15,-0.41,-0.45%,92.16,90.18,9257000,2024-09-06
SCHW,The Charles Schwab Corp,62.9,-0.79,-1.24%,64.36,62.45,8331600,2024-09-06
SHW,Sherwin-Williams Company,360.83,0.75,0.21%,364.31,357.91,1171200,2024-09-06
SJM,J.M. Smucker Company,120.27,-0.92,-0.76%,122.35,120.19,1110800,2024-09-06
SLB,Schlumberger N.V.,40.62,-0.6,-1.46%,41.63,40.3708,9864100,2024-09-06
SMCI,Super Micro Computer,386.46,-28.14,-6.79%,406.69,382.8,9047900,2024-09-06
SNA,Snap-On Inc,270.84,-1.25,-0.46%,275.15,268.8975,268400,2024-09-06
SNPS,Synopsys Inc,463.97,-12.06,-2.53%,482,462.42,1137800,2024-09-06
SO,Southern Company,88.41,-1.1,-1.23%,89.85,88.22,4614200,2024-09-06
SOLV,Solventum Corporation,66.2,0.6,0.91%,66.555,64.5152,1299400,2024-09-06
SPG,Simon Property Group,164.5,0.32,0.19%,165.32,162.355,1443600,2024-09-06
SPGI,S&P Global Inc,510.64,-6.36,-1.23%,521.5,510.12,1037600,2024-09-06
SRE,Sempra,82.1,-0.99,-1.19%,83.26,82.08,2115400,2024-09-06
STE,Steris Corp,239.82,0.77,0.32%,242.03,237.66,365000,2024-09-06
STLD,Steel Dynamics Inc,111,-0.32,-0.29%,112.94,110.09,1481900,2024-09-06
STT,State Street Corp,83.29,-1.9,-2.23%,86.075,82.835,2191500,2024-09-06
STX,Seagate Technology Hldgs Plc,97.98,-2.83,-2.81%,100.71,97.33,2612500,2024-09-06
STZ,Constellation Brands Inc,249.01,0.72,0.29%,250.53,246.86,1171700,2024-09-06
SW,Smurfit Westrock Plc,44.72,-0.62,-1.37%,45.615,44.38,3739900,2024-09-06
SWK,Stanley Black & Decker Inc,97.18,-1.18,-1.20%,100.25,96.82,1169800,2024-09-06
SWKS,Skyworks Solutions,98.79,-2.6,-2.56%,101.54,97.96,2750800,2024-09-06
SYF,Synchrony Financial,47.41,-1.26,-2.59%,49.539,47.15,3227500,2024-09-06
SYK,Stryker Corp,358.92,0.92,0.26%,361.06,355.72,1001400,2024-09-06
SYY,Sysco Corp,78.58,-0.4,-0.51%,79.65,78.41,2155100,2024-09-06
T,AT&T Inc,20.97,0.32,1.55%,21,20.65,53079500,2024-09-06
TAP,Molson Coors Brewing Company,55.77,-0.04,-0.07%,56.3,55.625,1687800,2024-09-06
TDG,Transdigm Group Inc,1294.17,-35.11,-2.64%,1335.73,1293.29,157000,2024-09-06
TDY,Teledyne Technologies Inc,421.77,-8.7,-2.02%,431.52,421.27,235100,2024-09-06
TECH,Bio-Techne Corp,71.49,-0.88,-1.22%,73.98,70.83,734800,2024-09-06
TEL,Te Connectivity Ltd,143.38,-3.69,-2.51%,148.085,142.93,1772900,2024-09-06
TER,Teradyne Inc,121.45,-4.65,-3.69%,125.86,119.81,2298600,2024-09-06
TFC,Truist Financial Corp,42.06,-1.09,-2.53%,43.545,41.81,8589100,2024-09-06
TFX,Teleflex Inc,244.53,1.38,0.57%,247.99,241.79,331000,2024-09-06
TGT,Target Corp,151.28,-0.62,-0.41%,153.33,150.72,4045000,2024-09-06
TJX,TJX Companies,115.62,-2.39,-2.03%,118.1396,115.405,4827200,2024-09-06
TMO,Thermo Fisher Scientific Inc,611.33,4.45,0.73%,619.7,607.49,1868700,2024-09-06
TMUS,T-Mobile US,193,-4.18,-2.12%,197.7,192.61,5337100,2024-09-06
TPR,Tapestry Inc,40.36,-0.65,-1.58%,41.46,40.075,2294200,2024-09-06
TRGP,Targa Resources,146.75,-3.03,-2.02%,150.915,145.04,1612400,2024-09-06
TRMB,Trimble Navigation,54.15,-1.63,-2.92%,55.97,54.09,2296600,2024-09-06
TROW,T Rowe Price Group,101.69,-2.43,-2.33%,105.3,101,1320800,2024-09-06
TRV,The Travelers Companies Inc,234.46,2.61,1.13%,236.59,232.1,2114700,2024-09-06
TSCO,Tractor Supply Company,270.59,-0.22,-0.08%,274.06,269.02,987500,2024-09-06
TSLA,Tesla Inc,210.73,-19.44,-8.45%,233.6,210.51,112177000,2024-09-06
TSN,Tyson Foods,65.87,0.74,1.14%,66.27,65.23,3443300,2024-09-06
TT,Trane Technologies Plc,342.07,0,0.00%,349.36,339.13,1239200,2024-09-06
TTWO,Take-Two Interactive,156.61,-0.45,-0.29%,159.43,156.52,1246100,2024-09-06
TXN,Texas Instruments,197.45,-4.1,-2.03%,201.87,196.73,6314300,2024-09-06
TXT,Textron Inc,85.71,-1.52,-1.74%,88.32,85.55,900900,2024-09-06
TYL,Tyler Technologies,581.16,-2.7,-0.46%,590,579.84,215800,2024-09-06
UAL,United Airlines Holdings Inc,46.01,0.89,1.97%,46.19,44.85,7921900,2024-09-06
UBER,Uber Technologies Inc,69.58,-1.67,-2.34%,72.02,68.729,11449800,2024-09-06
UDR,United Dominion Realty Trust,44.05,-0.37,-0.83%,44.37,43.43,3557400,2024-09-06
UHS,Universal Health Services,229.15,-10.16,-4.25%,241.95,226.59,929600,2024-09-06
ULTA,Ulta Beauty Inc,367.59,3.81,1.05%,369.13,361.82,1077200,2024-09-06
UNH,Unitedhealth Group Inc,596.88,1.39,0.23%,600.61,592.26,2926300,2024-09-06
UNP,Union Pacific Corp,249.63,-1.9,-0.76%,253.67,249.24,2406200,2024-09-06
UPS,United Parcel Service,127.54,0.14,0.11%,128.14,126.71,3590400,2024-09-06
URI,United Rentals,681.1,-16.42,-2.35%,709.8,680.75,372200,2024-09-06
USB,U.S. Bancorp,44.49,-1.05,-2.31%,45.9399,44.33,7635400,2024-09-06
V,Visa Inc,279.37,0.75,0.27%,280.28,277.43,7187800,2024-09-06
VICI,Vici Properties Inc,33.47,-0.12,-0.36%,33.86,33.275,5246800,2024-09-06
VLO,Valero Energy Corp,134.19,-1.33,-0.98%,137,132.68,3462000,2024-09-06
VLTO,Veralto Corporation,108.72,-1.13,-1.03%,110.76,108.08,2043500,2024-09-06
VMC,Vulcan Materials Company,231.97,-0.19,-0.08%,236.03,231.56,1161400,2024-09-06
VRSK,Verisk Analytics Inc,271.66,-1.84,-0.67%,274.57,270.26,834200,2024-09-06
VRSN,Verisign Inc,181.84,-1.6,-0.87%,184.55,181.1,528700,2024-09-06
VRTX,Vertex Pharmaceutic,468,-0.57,-0.12%,471.89,463.04,1090300,2024-09-06
VST,Vistra Energy Corp,73.7,-2.13,-2.81%,76.4289,73.14,5161500,2024-09-06
VTR,Ventas Inc,62.86,0.04,0.06%,63.14,62.24,2490200,2024-09-06
VTRS,Viatris Inc,11.27,-0.4,-3.43%,11.77,11.15,9593600,2024-09-06
VZ,Verizon Communications Inc,41.15,-0.16,-0.39%,41.791,41.13,18100300,2024-09-06
WAB,Wabtec Corp,160.87,-2.68,-1.64%,165.11,160.76,746900,2024-09-06
WAT,Waters Corp,328.84,-2.47,-0.75%,334.94,327.295,337800,2024-09-06
WBA,Walgreens Boots Alliance,8.77,0.03,0.34%,9.05,8.63,22946602,2024-09-06
WBD,Discovery Inc Series A,7.22,-0.2,-2.70%,7.61,7.08,36949301,2024-09-06
WDC,Western Digital Corp,60.77,-1.84,-2.94%,62.52,60,4151000,2024-09-06
WEC,Wisconsin Energy Corp,93.65,-1.03,-1.09%,95.08,93.65,1591700,2024-09-06
WELL,Welltower Inc,124.6,0.6,0.48%,124.83,123,2457000,2024-09-06
WFC,Wells Fargo & Company,54,-2.86,-5.03%,56.78,53.69,21853700,2024-09-06
WM,Waste Management,204.73,-3.67,-1.76%,209.6,204.63,2349600,2024-09-06
WMB,Williams Companies,44.26,-0.57,-1.27%,45.295,44.13,4602800,2024-09-06
WMT,Walmart Inc,76.64,-0.32,-0.42%,77.32,76.3,14548500,2024-09-06
WRB,W.R. Berkley Corp,58.69,-0.33,-0.56%,59.57,58.68,1362800,2024-09-06
WST,West Pharmaceutical Services,297.24,-3.06,-1.02%,303.53,294.51,293000,2024-09-06
WTW,Willis Towers Watson Public Ltd,291.09,-2.58,-0.88%,295.23,289.87,445800,2024-09-06
WY,Weyerhaeuser Company,30.35,0.18,0.60%,30.63,30.17,4983600,2024-09-06
WYNN,Wynn Resorts Ltd,76.72,-0.4,-0.52%,78.25,76.68,1924700,2024-09-06
XEL,XCEL Energy Inc,62.91,-0.55,-0.87%,63.75,62.85,4731700,2024-09-06
XOM,Exxon Mobil Corp,112.64,-0.53,-0.47%,114.18,111.732,13467700,2024-09-06
XYL,Xylem Inc,126.71,-1.32,-1.03%,129.82,126.58,1348100,2024-09-06
YUM,Yum! Brands,133.87,-0.63,-0.47%,135.48,133.57,1930100,2024-09-06
ZBH,Zimmer Biomet Holdings,104.81,0.34,0.33%,105.51,104.04,2518100,2024-09-06
ZBRA,Zebra Technologies,320.77,-8.27,-2.51%,330.7,318.01,690300,2024-09-06
ZTS,Zoetis Inc Cl A,189.23,2.64,1.41%,190.44,187.06,2710100,2024-09-06
Downloaded from Barchart.com as of 09-08-2024 12:38pm CDT,,,,,,,,
